producerName,producerDesc,originCountry,statusOB,mainDrinks,88B Deepdive,photo,hashedPassword
Little Creatures,,Australia,,Beer,https://88bamboo.co/blogs/whisky-rum-gin-vodka-distillery-spotlight/a-flight-of-cupids-little-creatures-beer-tasting,,
Sakurao Distillery,,Japan,,Whiskey / Whisky,https://88bamboo.co/blogs/whisky-rum-gin-vodka-distillery-spotlight/a-new-dawn-for-sakurao-distillery,,
Hampden Estate Rum,,Jamaica,,Rum / Rhum,https://88bamboo.co/blogs/whisky-rum-gin-vodka-distillery-spotlight/a-spirit-so-funky-so-fierce-you-cannot-ignore-hampden-estate-rum,,
Glenmorangie Distillery,,Scotland,,Whiskey / Whisky,https://88bamboo.co/blogs/whisky-rum-gin-vodka-distillery-spotlight/a-tranquil-distillery-famous-for-its-giraffes-the-glenmorangie-distillery,,
Bombay Sapphire,,United Kingdom,,Gin,https://88bamboo.co/blogs/whisky-rum-gin-vodka-distillery-spotlight/bombay-sapphire-the-distillery-that-made-a-gem-of-a-gin,,
Buja Gin,,South Korea,,Gin,https://88bamboo.co/blogs/whisky-rum-gin-vodka-distillery-spotlight/buja-gin-seouls-first-craft-gin-joins-the-family-of-korean-spirits,,
Caroni,,Trinidad and Tobago,,Rum / Rhum,https://88bamboo.co/blogs/whisky-rum-gin-vodka-distillery-spotlight/caroni-rum-mania-how-forgotten-barrels-in-trinidad-transformed-into-a-cult-rum-phenomenon,,
Clase Azul,,Mexico,,Tequila,https://88bamboo.co/blogs/whisky-rum-gin-vodka-distillery-spotlight/clase-azul-the-world-s-most-expensive-tequila-you-either-love-or-hate,,
Del Maguey,"Founded in 1995, Del Maguey Single Village® Mezcal introduced the world to previously unavailable artisanal mezcal. Through deep cultural relationships with indigenous producers in Oaxaca and Puebla, Mexico, Del Maguey protects and preserves the ancient production processes that have been passed down generationally for hundreds of years. These traditional methods, combined with the diverse micro-climates and terroir of Mexico, give each expression a unique, complex character that celebrates the art of the family producer.",Mexico,,Mezcal,https://88bamboo.co/blogs/whisky-rum-gin-vodka-distillery-spotlight/del-maguey-mezcal-bottling-liquid-art-in-mexico-s-zapotec-villages,,
Hakushu Distillery,,Japan,,Whiskey / Whisky,https://88bamboo.co/blogs/whisky-rum-gin-vodka-distillery-spotlight/distillery-spotlight-hakushu-distillery,,
The Macallan Distillery,"The Macallan distillery is a single malt Scotch whisky distillery in Craigellachie in Moray in the north-east of Scotland. The Macallan Distillers Ltd is a wholly owned subsidiary of Edrington, which purchased the brand from Highland Distillers in 1999.",Scotland,,Whiskey / Whisky,https://88bamboo.co/blogs/whisky-rum-gin-vodka-distillery-spotlight/distillery-spotlight-macallan-distillery,,
Yamazaki Distillery,,Japan,,Whiskey / Whisky,https://88bamboo.co/blogs/whisky-rum-gin-vodka-distillery-spotlight/distillery-spotlight-yamazaki-distillery,,
Bruichladdich Distillery,,Scotland,,Whiskey / Whisky,https://88bamboo.co/blogs/whisky-rum-gin-vodka-distillery-spotlight/dr-bruichladdich-or-how-i-learned-to-stop-worring-and-love-the-bomb,,
Engkanto Brewery,,Philippines,,Beer,https://88bamboo.co/blogs/whisky-rum-gin-vodka-distillery-spotlight/engkanto-is-turning-up-philippines-beer-game-with-new-styles-and-local-flavours,,
Four Pillars Distillery,,Australia,,Gin,https://88bamboo.co/blogs/whisky-rum-gin-vodka-distillery-spotlight/four-pillars-three-friends-making-modern-australian-gin-in-australia-s-wine-country,,
Hendrick's,,Scotland,,Gin,https://88bamboo.co/blogs/whisky-rum-gin-vodka-distillery-spotlight/hendrick-s-gin-a-chemist-and-a-distiller-walks-into-a-garden,,
Brewlander,Singapore's leading craft brewery aiming to create the best craft beers around. Helm by award winning brewer John Wei.,Singapore,,Beer,https://88bamboo.co/blogs/whisky-rum-gin-vodka-distillery-spotlight/how-an-yeast-whisperer-inspired-a-craft-beer-movement-in-singapore-a-peek-at-brewlander,,
Fuji Distillery,,Japan,,Whiskey / Whisky,https://88bamboo.co/blogs/whisky-rum-gin-vodka-distillery-spotlight/how-kirins-fuji-distillery-transformed-the-japanese-whisky-landscape,,
Iron Balls Distillery,,Thailand,,Gin,https://88bamboo.co/blogs/whisky-rum-gin-vodka-distillery-spotlight/iron-balls-gin-the-ballsy-thai-micro-distillery-making-pineapple-coconut-gin,,
Kyoto Distillery,,Japan,,Gin,https://88bamboo.co/blogs/whisky-rum-gin-vodka-distillery-spotlight/ki-no-bi-gin-kyotos-first-dedicated-craft-gin-distillery,,
Three Societies Distillery,,South Korea,,Whiskey / Whisky,https://88bamboo.co/blogs/whisky-rum-gin-vodka-distillery-spotlight/korea-s-first-single-malt-three-societies-distillery,,
Lion City Meadery,,Singapore,,Mead,https://88bamboo.co/blogs/whisky-rum-gin-vodka-distillery-spotlight/lion-city-meadery-how-two-friends-stirred-a-buzz,,
Kanosuke Distillery,,Japan,,Whiskey / Whisky,https://88bamboo.co/blogs/whisky-rum-gin-vodka-distillery-spotlight/mellow-land-mellow-whisky-kanosuke-distillery,,
Mr Black,,Australia,,Liqueur,https://88bamboo.co/blogs/whisky-rum-gin-vodka-distillery-spotlight/mr-black-bringing-coffee-into-the-night-from-australia,,
Alive Brewing,,Singapore,,Beer,https://88bamboo.co/blogs/whisky-rum-gin-vodka-distillery-spotlight/one-night-in-cologne-changed-their-lives-forever-alive-brewings-story,,
Orion,,Japan,,Beer,https://88bamboo.co/blogs/whisky-rum-gin-vodka-distillery-spotlight/orion-exporting-a-taste-of-okinawa-to-the-world,,
Patrón,,Mexico,,Tequila,https://88bamboo.co/blogs/whisky-rum-gin-vodka-distillery-spotlight/patron-tequila-how-a-haircare-founder-created-a-tequila-titan,,
Peddlers Gin Co.,,China,,Gin,https://88bamboo.co/blogs/whisky-rum-gin-vodka-distillery-spotlight/peddler-s-gin-distilling-sichuan-peppers-at-china-s-first-craft-gin-distillery,,
Penfolds,,Australia,,Wine,https://88bamboo.co/blogs/whisky-rum-gin-vodka-distillery-spotlight/penfolds-doctor-s-wife-turned-rulebreaker-turned-starchild-of-australian-wines,,
Choya,,Japan,,Umeshu,https://88bamboo.co/blogs/whisky-rum-gin-vodka-distillery-spotlight/selling-ice-to-an-eskimo-how-choya-turned-a-homemade-liqueur-into-a-global-phenomenon,,
Taiwan Beer,,Taiwan,,Beer,https://88bamboo.co/blogs/whisky-rum-gin-vodka-distillery-spotlight/taiwan-beer-giving-a-distinct-flavour-and-identity-to-taiwan,,
Sullivans Cove,,Australia,,Whiskey / Whisky,https://88bamboo.co/blogs/whisky-rum-gin-vodka-distillery-spotlight/tasmania-s-most-charming-distillery-sullivans-cove-distillery,,
Starward Distillery,,Australia,,Whiskey / Whisky,https://88bamboo.co/blogs/whisky-rum-gin-vodka-distillery-spotlight/the-craft-brewer-winemaker-s-whisky-from-melbourne-starward-distillery,,
Tanglin Gin,"Where the best of Singapore meets the best of botanicals. This is not merely a bottle of Gin – it’s the Spirit of Singapore, distilled to perfection.",Singapore,,Gin,https://88bamboo.co/blogs/whisky-rum-gin-vodka-distillery-spotlight/the-distillery-that-put-singapore-on-the-world-map-tanglin-gin,,
Kavalan Distillery,,Taiwan,,Whiskey / Whisky,https://88bamboo.co/blogs/whisky-rum-gin-vodka-distillery-spotlight/the-distillery-that-put-taiwan-on-the-world-map-kavalan-distillery,,
Springbank Distillery,,Scotland,,Whiskey / Whisky,https://88bamboo.co/blogs/whisky-rum-gin-vodka-distillery-spotlight/the-distillery-that-saved-the-campbeltown-region,,
Glenfiddich Distillery,,Scotland,,Whiskey / Whisky,https://88bamboo.co/blogs/whisky-rum-gin-vodka-distillery-spotlight/the-giant-of-speyside-and-first-ever-scottish-single-malt,,
Kweichow Moutai,,China,,Baijiu,https://88bamboo.co/blogs/whisky-rum-gin-vodka-distillery-spotlight/the-hot-liquor-that-ended-the-cold-war-inside-kweichow-moutai-distillery,,
Ardbeg Distillery,"Ardbeg distillery is a Scotch whisky distillery in Ardbeg on the south coast of the isle of Islay, Argyll and Bute, Scotland, in the Inner Hebrides group of islands. The distillery is owned by Louis Vuitton Moët Hennessy, and produces a heavily peated Islay whisky.",Scotland,,Whiskey / Whisky,https://88bamboo.co/blogs/whisky-rum-gin-vodka-distillery-spotlight/the-islay-malt-with-a-worldwide-secret-society-ardbeg-distillery,,
Lagavulin Distillery,,Scotland,,Whiskey / Whisky,https://88bamboo.co/blogs/whisky-rum-gin-vodka-distillery-spotlight/the-lord-of-the-isles-a-spirit-created-with-sea-and-smoke,,
Archie Rose Distilling,,Australia,,Gin,https://88bamboo.co/blogs/whisky-rum-gin-vodka-distillery-spotlight/the-most-innovative-distillery-from-down-under-archie-rose,,
Dassai Brewery,,Japan,,Sake,https://88bamboo.co/blogs/whisky-rum-gin-vodka-distillery-spotlight/the-reinvention-of-sake-how-dassai-defied-tradition-dispensed-the-toji-and-went-from-zero-to-hero,,
Compass Box,,Scotland,Y,Whiskey / Whisky,https://88bamboo.co/blogs/whisky-rum-gin-vodka-distillery-spotlight/the-rockstar-anti-establishment-whisky-makers-compass-box,,
Chichibu Distillery,,Japan,,Whiskey / Whisky,https://88bamboo.co/blogs/whisky-rum-gin-vodka-distillery-spotlight/the-story-of-how-the-little-chichibu-distillery-came-to-be-the-most-sought-after-japanese-whisky-in-the-world-part-1,,
Luzhou Laojiao Distillery,,China,,Baijiu,https://88bamboo.co/blogs/whisky-rum-gin-vodka-distillery-spotlight/the-trendsetting-liquor-take-takes-400-years-to-brew-luzhou-laojiao-baijiu,,
Mars Whisky,,Japan,,Whiskey / Whisky,https://88bamboo.co/blogs/whisky-rum-gin-vodka-distillery-spotlight/the-unsung-hero-of-japanese-whisky-mars-whisky-hombo-shuzo,,
Archipelago Brewery,,Singapore,,Beer,https://88bamboo.co/blogs/whisky-rum-gin-vodka-distillery-spotlight/think-you-know-archipelago-beer-think-again,,
Buffalo Trace Distillery,,United States,,Whiskey / Whisky,https://88bamboo.co/blogs/whisky-rum-gin-vodka-distillery-spotlight/this-whiskey-was-prescribed-by-physicians-for-medicinal-purposes-buffalo-trace-distillery-blantons-sazerac-van-winkles-wellers-bourbon,,
Nagahama Distillery,,Japan,,Whiskey / Whisky,https://88bamboo.co/blogs/whisky-rum-gin-vodka-distillery-spotlight/what-s-love-got-to-do-with-it-nagahama-distillery,,
Thompson Brothers,,Scotland,Y,Whiskey / Whisky,https://88bamboo.co/blogs/whisky-rum-gin-vodka-distillery-spotlight/whats-up-with-the-thompson-brothers-and-those-funky-labels-dornoch-distillery,,
Old Pulteney Distillery,,Scotland,,Whiskey / Whisky,https://88bamboo.co/blogs/whisky-rum-gin-vodka-distillery-spotlight/whiskies-of-the-cold-salty-north-old-pulteney-masterclass-and-core-range-review,,
1932 Pocheon Ildong Makgeolli,,South Korea,,,,,
818 Tequila,,Mexico,,,,,
Abadía Retuerta,,Spain,,,,,
Aberlour Distillery,,Scotland,,,,,
Absolut,,Sweden,,,,,
Adega de Pegões,,Portugal,,,,,
Akitameijo Brewery (秋田銘釀株式会社),,Japan,,,,,
Akkeshi Distillery,,Japan,,,,,
Alión,,Spain,,,,,
Amami Oshima Shuzo (奄美大島酒造株式会社),,Japan,,,,,
Amarula,,South Africa,,,,,
Amrut,,India,,,,,
Amuse Bouche,,United States,,,,,
Andre Clouet,,France,,,,,
Angostura,,Trinidad and Tobago,,,,,
Antinori,,Italy,,,,,
Appleton Estate,,Jamaica,,,,,
Arcus,,Norway,,,,,
Ardmore Distillery,,Scotland,,,,,
Arzuaga,,Spain,,,,,
Asahi,,Japan,,,,,
Asahi Shuzo,,Japan,,,,,
Asahi-Shuzo,,Japan,,,,,
Asia Pacific Breweries,,Singapore,,,,,
Au Bon Climat,,United States,,,,,
Auchroisk Distillery,,Scotland,,,,,
Audemus Gin,,France,,,,,
Austin Hope,,United States,,,,,
Aviation Gin,,United States,,,,,
Ayala,,France,,,,,
Bacalhôa,,Portugal,,,,,
Baehyejeong 배혜정도가,,South Korea,,,,,
Baesang Myeonjuga,,South Korea,,,,,
Baesangmyeon,,South Korea,,,,,
Baileys,,Scotland,,,,,
Banfi,,Italy,,,,,
Banjo Brewery (萬乗醸造),,Japan,,,,,
Barão de Vilar,,Portugal,,,,,
Barbados,,Barbados,,,,,
Bedrock Wine Co.,,United States,,,,,
Beefeater,,United Kingdom,,,,,
Beenleigh,,Australia,,,,,
Bellavista,,Italy,,,,,
Belvedere,,Poland,,,,,
Ben Nevis Distillery,,Scotland,,,,,
Benriach Distillery,,Scotland,,,,,
Benrinnes Distillery,,Scotland,,,,,
Beringer,,United States,,,,,
Billecart-Salmon,,France,,,,,
Bimber Distillery,,England,,,,,
Black Gate,,Australia,,,,,
Blandy's,,Portugal,,,,,
Bodega Contador (Benjamín Romeo),,Spain,,,,,
Bodegas El Nido,,Spain,,,,,
Bodegas Faustino,,Spain,,,,,
Bohae (보해),,South Korea,,,,,
Boksundoga,,South Korea,,,,,
Bollinger,,France,,,,,
Bonhae,,South Korea,,,,,
Bottega,,Italy,,,,,
Bowmore Distillery,,Scotland,,,,,
Brass Lion Distillery,,Singapore,,,,,
Brewdog,,United Kingdom,,,,,
Brooklyn Brewery,,United States,,,,,
Bunnahabhain Distillery,,Scotland,,,,,
Burmester,,Portugal,,,,,
Bushmills Distillery,,Ireland,,,,,
Ca' del Bosco,,Italy,,,,,
Cabriz,,Portugal,,,,,
Cain,,United States,,,,,
Cakebread,,United States,,,,,
Campari,,Italy,,,,,
Camus,,France,,,,,
Caol Ila Distillery,,Scotland,,,,,
Cartuxa,,Portugal,,,,,
Casa de Santar,,Portugal,,,,,
Cask 88,,Scotland,,,,,
Castello Nipozzano,,Italy,,,,,
Caymus Vineyards,,United States,,,,,
Chambord,,France,,,,,
Champagne Barons de Rothschild,,France,,,,,
Charles Heidsieck,,France,,,,,
Chartreuse Diffusion,,France,,,,,
Château Arton,,France,,,,,
Château l'Évangile,,France,,,,,
Château Latour-Martillac,,France,,,,,
Chateau Ste. Michelle,,United States,,,,,
Chichibu & Mars Shinshu,,Japan,,,,,
Chichibu Distillery (Venture Whisky),,Japan,,,,,
Chiran Jyozo (知覧醸造),,Japan,,,,,
Chuga 추가,,South Korea,,,,,
Chum Churum 처음처럼 ,,South Korea,,,,,
Churchill's,,Portugal,,,,,
CÎROC,,France,,,,,
Clarendon,,Jamaica,,,,,
Clos des Papes (Paul Avril),,France,,,,,
Clynelish Distillery,,Scotland,,,,,
Cockburn's,,Portugal,,,,,
Colombo,,Sri Lanka,,,,,
Compendium,,Singapore,,,,,
Condado de Haza,,Spain,,,,,
Cotswolds Distillery,,United Kingdom,,,,,
Courvoisier,,France,,,,,
Cullen,,Australia,,,,,
Daegang 대강양조장,,South Korea,,,,,
Daesun (대선),,South Korea,,,,,
Daishichi Shuzo (大七酒造),,Japan,,,,,
Daishichi Shuzo(大七酒造),,Japan,,,,,
Decoy,,United States,,,,,
Delamotte,,France,,,,,
Demerara Distillers Limited,,Guyana,,,,,
Destileria Barako,,Philippines,,,,,
Destilería Y Bodega Abasolo,,Mexico,,,,,
Deutz,,France,,,,,
Disaronno,,Italy,,,,,
Distillerie Poisson,,Guadeloupe,,,,,
Dom Pérignon,,France,,,,,
Dominio de Pingus,,Spain,,,,,
Don Julio,,Mexico,,,,,
Dornoch Distillery / Thompson Brothers,,Scotland,,,,,
Dow's,,Portugal,,,,,
Drappier,,France,,,,,
Drumshambo,,Ireland,,,,,
Duckhorn,,United States,,,,,
Eden Mill Distillery,,Scotland,,,,,
Ehwa Baekju 이화백주,,South Korea,,,,,
Eigashima Distillery,,Japan,,,,,
Elephant Gin Distillery,,Germany,,,,,
Emidio Pepe,,Italy,,,,,
Emilio Moro,,Spain,,,,,
Eminente,,Cuba,,,,,
Emmanuel Camut Distillerie,,France,,,,,
Engkanto,,Philippines,,,,,
Espolon,,Mexico,,,,,
Esporão,,Portugal,,,,,
Eunjagol 은척양조장,,South Korea,,,,,
Familia Torres,,Spain,,,,,
Fantini,,Italy,,,,,
Fettercairn Distillery,,Scotland,,,,,
Finca Villacreces,,Spain,,,,,
Finlandia Vodka,,Finland,,,,,
Fitapreta,,Portugal,,,,,
Five Farms,,Ireland,,,,,
Flor de Cana,,Nicaragua,,,,,
Fords Gin,,United Kingdom,,,,,
Forman,,United States,,,,,
Founders Brewing,,United States,,,,,
Foursquare,,Barbados,,,,,
Francis Ford Coppola Winery,,United States,,,,,
Freixenet,,Italy,,,,,
Fuji Gotemba Distillery,,Japan,,,,,
Fukumitsuya Brewery (株式会社 福光屋),,Japan,,,,,
Gamhongro Agricultural Corporation Co. (농업회사법인(주)감홍로),,South Korea,,,,,
Gapyeong,,South Korea,,,,,
Garage Project,,New Zealand,,,,,
Gassan Sake Brewery (月山酒造),,Japan,,,,,
Geum Jung San Sung 금정산성,,South Korea,,,,,
Glen Elgin Distillery,,Scotland,,,,,
Glen Grant Distillery,,Scotland,,,,,
Glen Mhor Distillery,,Scotland,,,,,
Glen Ord Distillery,,Scotland,,,,,
Glen Scotia Distillery,,Scotland,,,,,
Glen Spey Distillery,,Scotland,,,,,
GlenAllachie Distillery,,Scotland,,,,,
Glenburgie Distillery,,Scotland,,,,,
Glenfarclas Distillery,,Japan,,,,,
Glenglassaugh Distillery,,Scotland,,,,,
Glenlivet Distillery,,Scotland,,,,,
Glenlossie Distillery,,Scotland,,,,,
Godo Shusei,,Japan,,,,,
Gordon & MacPhail,,Scotland,,,,,
Gordon's,,Scotland,,,,,
Grand Marnier,,France,,,,,
Grey Goose,,France,,,,,
Grosperrin,,France,,,,,
Guarda Rios,,Portugal,,,,,
Guinness,,Ireland,,,,,
Gyeongju Beopju,,South Korea,,,,,
Haechang,,South Korea,,,,,
Hakkaisan Shuzo (八海醸造株式会社),,Japan,,,,,
Hallasan (한라산),,South Korea,,,,,
Hamada Shuzo (濵田酒造),,Japan,,,,,
Hampden,,Jamaica,,,,,
Heaven Hill Distillery,,United States,,,,,
Helen's,,China,,,,,
Helios,,Japan,,,,,
Hennessy,,France,,,,,
Henriot,,France,,,,,
Higa Shuzo (比嘉酒造),,Japan,,,,,
Highland Park Distillery,,Scotland,,,,,
Hine,,France,,,,,
Hiram Walker Distillery,,Canada,,,,,
Hite Jinro 하이트진로,,South Korea,,,,,
Homare Shuzo (会津ほまれ酒造),,Japan,,,,,
Hwayang 화양,,South Korea,,,,,
Hwayo 화요,,South Korea,,,,,
Ichinoya Co. Ltd (市野屋株式会社),,Japan,,,,,
Igasubul Agricultural Corporation (농업회사법인 이가수불),,South Korea,,,,,
Ilegal Mezcal,,Mexico,,,,,
Isle of Harris,,Scotland,,,,,
Izena Shuzo (伊是名酒造所),,Japan,,,,,
Jack Daniel's Distillery,,United States,,,,,
Jansz,,Australia,,,,,
Jean-Luc Pasquet,,France,,,,,
Jeontongjujo 전통주조 예술,,South Korea,,,,,
Jim Beam,,United States,,,,,
Jipyeong,,South Korea,,,,,
Johnnie Walker,,Scotland,,,,,
Joseph Phelps Vineyards,,United States,,,,,
Kahlúa Coffee Liqueur,,Mexico,,,,,
Karukera,,Guadeloupe,,,,,
Katnook,,Australia,,,,,
Kato Kahachiro Shuzo (加藤嘉八郎酒造),,Japan,,,,,
Kendall-Jackson,,United States,,,,,
Kentucky Owl,,United States,,,,,
Ketel One,,Netherlands,,,,,
Kikunotsuyu Shuzo(菊之露酒造株式会社),,Japan,,,,,
Kilchoman Distillery,,Scotland,,,,,
Kimchangsoo Distillery,,South Korea,,,,,
Kingsbarns Distillery,,Scotland,,,,,
Kinmen Kaoliang Liquor Inc.,,Taiwan,,,,,
Kirei,,Japan,,,,,
Kirishima Distillery (霧島町蒸留所),,Japan,,,,,
Komasa Jyozo (小正醸造),,Japan,,,,,
Kooksoondang,,South Korea,,,,,
Kooksoondang ,,South Korea,,,,,
Krug,,France,,,,,
Kwai Feh,,Netherlands,,,,,
Kyro Gin,,Finland,,,,,
La Crema,,United States,,,,,
La Gioiosa,,Italy,,,,,
La Marca,,Italy,,,,,
La Rioja Alta,,Spain,,,,,
Lady Trieu Gin,,Vietnam,,,,,
Laphoraig Distillery,,Scotland,,,,,
Laphroaig Distillery,,Scotland,,,,,
Laurent-Perrier,,France,,,,,
Linkwood Distillery,,Scotland,,,,,
Littlemill Distillery,,Scotland,,,,,
Loch Lomond Distillery,,Scotland,,,,,
Long Pond,,Jamaica,,,,,
Longmorn Distillery,,Scotland,,,,,
Lost Spirits,,United States,,,,,
Louis M. Martini,,United States,,,,,
Louis Roederer,,France,,,,,
Luisita,,Philippines,,,,,
Luksusowa,,Poland,,,,,
Madre Mezcal,,Mexico,,,,,
Malfy Gin,,Italy,,,,,
Marqués de Riscal,,Spain,,,,,
Mars Shinshu Distillery,,Japan,,,,,
Mars Tsunuki Distillery,,Japan,,,,,
Martell,,France,,,,,
Masso Antico,,Italy,,,,,
Mayacamas,,United States,,,,,
Ménage à Trois,,United States,,,,,
Mhoba,,South Africa,,,,,
Midam 미담양조장,,South Korea,,,,,
Midleton Distillery,,Ireland,,,,,
Mitolo,,Australia,,,,,
Miwa Brewery (三輪酒造),,Japan,,,,,
Miyagikyo Distillery (Nikka),,Japan,,,,,
Miyasaki Jyozo (宮坂醸造),,Japan,,,,,
Moët & Chandon,,France,,,,,
Monkey 47,,Germany,,,,,
Montebello,,Guadeloupe,,,,,
Montenegro,,Italy,,,,,
Mount Gay,,Barbados,,,,,
Mount Gilboa,,Barbados,,,,,
Mùa Sake,,Vietnam,,,,,
Muhak (무학),,South Korea,,,,,
Mungyeong 문경주조,,South Korea,,,,,
N.I.P Distilling,,Hong Kong,,,,,
Nano Brewery,,South Korea,,,,,
Never Never Distilling Co,,Australia,,,,,
New Belgium Brewing,,United States,,,,,
New Yarmouth,,Jamaica,,,,,
Niang Brewery,,Singapore,,,,,
Niepoort,,Portugal,,,,,
Nikka Whisky,,Japan,,,,,
Ninki Shuzo (人気酒造株式会社),,Japan,,,,,
Obata Shuzo (尾畑酒造),,Japan,,,,,
Okunomatsu Shuzo (奥の松酒造),,Japan,,,,,
Ookuba Shuzo 太久保酒造(),,Japan,,,,,
Opus One,,United States,,,,,
Oriental Brewery (OB),,Japan,,,,,
Orin Swift,,United States,,,,,
Ornellaia,,Italy,,,,,
Ozeki Brewery (大関株式会社),,Japan,,,,,
Perfume Trees Distillery,,Hong Kong,,,,,
Peroni,,Italy,,,,,
Perrier-Jouët,,France,,,,,
Peter Lehmann,,Australia,,,,,
Pewsey Vale,,Australia,,,,,
Pierro,,Australia,,,,,
Pintia,,Spain,,,,,
Piper-Heidsieck,,France,,,,,
Plymouth Distillery,,United Kingdom,,,,,
Pol Roger,,France,,,,,
Pommery,,France,,,,,
Prats & Symington (P+S),,Portugal,,,,,
Privateer,,United States,,,,,
Punica,,Italy,,,,,
Quinta da Romaneira,,Portugal,,,,,
Quinta do Noval,,Portugal,,,,,
Quinta do Vesuvio,,Portugal,,,,,
R. López de Heredia,,Spain,,,,,
Ramey,,United States,,,,,
Ramos Pinto,,Portugal,,,,,
Rampur Distillery,,India,,,,,
Ravasqueira,,Portugal,,,,,
Remy Cointreau,,France,,,,,
Remy Martin,,France,,,,,
Renegade,,Grenada,,,,,
Reyka,,France,,,,,
Rhum Bologne,,Guadeloupe,,,,,
Rhum Neisson,,Martinique,,,,,
Robert Mondavi Winery,,United States,,,,,
Rockford,,Australia,,,,,
Roku Gin,,Japan,,,,,
Roquette & Cazes,,Portugal,,,,,
Rosebank Distillery,,Scotland,,,,,
Roseisle Distillery,,Scotland,,,,,
Royal Brackla Distillery,,Scotland,,,,,
Ruffino,,Italy,,,,,
Ruggeri,,Italy,,,,,
Ruinart,,France,,,,,
Ryukyu Awamori Kuusu No Sato Cooperative Association (),,Japan,,,,,
Sagok Brewery 사곡양조장,,South Korea,,,,,
Saint Michel de L'Attalaye,,Haiti,,,,,
Sakai Brewert (酒井酒造),,Japan,,,,,
Sakimoto Shuzo (咲元酒造株式会社),,Japan,,,,,
Sakurao,,Japan,,,,,
Samhae 삼해,,South Korea,,,,,
Sami Inju,,South Korea,,,,,
San Marzano,,Italy,,,,,
Sansu 산수,,South Korea,,,,,
Sanwa Shurui (三和酒類),,Japan,,,,,
Sapporo,,Japan,,,,,
Satsuma Musou (さつま無双),,Japan,,,,,
Satsuma Shuzo (薩摩酒造),,Japan,,,,,
Segura Viudas,,Spain,,,,,
Sejeong Brewing (조은술세종),,South Korea,,,,,
Shinsu Meijyo (信州銘醸),,Japan,,,,,
Shinzato Shuzo (新里酒造),,Japan,,,,,
Shirakawa Distillery (Takara Shuzo),,Japan,,,,,
Shizuoka Distillery,,Japan,,,,,
Shui Jing Fang,,China,,,,,
Sierra Nevada,,United States,,,,,
Silver Oak,,United States,,,,,
Sipsmith,,United Kingdom,,,,,
SKYY,,United States,,,,,
Smirnoff,,United States,,,,,
Sogen Brewery,,Japan,,,,,
Songdohyang Traditional Korean Brewery,,South Korea,,,,,
St-Germain,,France,,,,,
Stag's Leap Wine Cellars,,United States,,,,,
Sterling Vineyards,,United States,,,,,
Stone Brewing,,United States,,,,,
Sulseam (술샘),,South Korea,,,,,
Suntory,,Japan,,,,,
Taein Brewery 태인양조장,,South Korea,,,,,
Taihu Brewing (臺虎),,Taiwan,,,,,
Taikai Shuzo (大海酒造),,Japan,,,,,
Taittinger,,France,,,,,
Takahashi Shuzo (高橋酒造),,Japan,,,,,
Takamasamune Inc. (鷹正宗株式會社),,Japan,,,,,
Takara Shuzo (宝酒造),,Japan,,,,,
Tamano Hikari Brewery (玉乃光酒造株式会社),,Japan,,,,,
Tanqueray,,United Kingdom,,Gin,,,
Tapatio,,Mexico,,,,,
Taragawa Shuzo (多良川本社),,Japan,,,,,
Tasaki Shuzo (田崎酒造),,Japan,,,,,
TDL,,Trinidad and Tobago,,,,,
TDL Distillery,,Trinidad and Tobago,,,,,
Teeling,,Ireland,,,,,
Tenuta San Guido,,Italy,,,,,
Tenuta Ulisse,,Italy,,,,,
Terada Honke Brewery (寺田本家 株式会社),,Japan,,,,,
Terras Gauda,,Spain,,,,,
The Mackiss Company,,South Korea,,,,,
Thomson Distillery,,New Zealand,,,,,
Tio Pepe,,Spain,,,,,
Tito's Vodka,,United States,,,,,
Tobermory Distillery,,Scotland,,,,,
Tokki Soju Agricultural Co.,,United States,,,,,
Tomatin Distillery,,Scotland,,,,,
Topanito,,Mexico,,,,,
Torbreck,,Australia,,,,,
Treana,,United States,,,,,
Undisclosed,,Barbados,,,,,
Vega Sicilia,,Spain,,,,,
Venture Whisky Ltd. (Chichibu),,Japan,,,,,
Veuve Clicquot,,France,,,,,
Villa Conchi,,Spain,,,,,
Villa Sandi,,Italy,,,,,
Voyager Estate,,Australia,,,,,
W. & J. Graham's,,Portugal,,,,,
Wakashio Shuzo (若潮酒造株式会社),,Japan,,,,,
West 32,,United States,,,,,
Westerhall,,Grenada,,,,,
Westland Distillery,,United States,,,,,
Westward Distillery,,United States,,,,,
Whttaker's Gin,,United Kingdom,,,,,
Wihayo ,,Netherlands,,,,,
Wild Turkey,,United States,,,,,
Wild Turkey Distillery,,United States,,,,,
Willett Distillery,,United States,,,,,
Willowbank Distillery,,New Zealand,,,,,
Woodford Reserve's Distillery,,United States,,,,,
Woorisool,,South Korea,,,,,
Wu Liang Ye,,China,,,,,
Yaegaki Shuzo (ヤヱガキ 酒造),,Japan,,,,,
Yaesen Shuzo (八重泉酒造),,Japan,,,,,
Yalumba,,Australia,,,,,
Yamakawa Shuzo (山川酒造),,Japan,,,,,
Yao Honten Brewery (株式会社矢尾本店),,Japan,,,,,
Yellow Tail,,Australia,,,,,
Yoichi Distillery (Nikka),,Japan,,,,,
Yonezawa Brewery (米澤酒造),,Japan,,,,,
Zenato,,Italy,,,,,
Żubrówka Biała,,Poland,,,,,
Zyr,,United States,,,,,
Yipin Jing Zhi,,China,,,,,
Yi Li,,China,,,,,
Yanghe,,China,,,,,
Xijiu,,China,,,,,
Xifengjiu,,China,,,,,
Shede,,China,,,,,
Red Star,,China,,,,,
Masahiro Distillery,,China,,,,,
Langjiu,,China,,,,,
Jiang Xiao Bai,,China,,,,,
Hong Kong Baijiu,,China,,,,,
Golden Star,,China,,,,,
Fenjiu,,China,,,,,
Confucius,,China,,,,,
The Booth,,United States,,,,,
Spring Valley Brewery,,United States,,,,,
Samuel Adams,,United States,,,,,
Rainforest Brewery,,United States,,,,,
Paulaner,,United States,,,,,
Kirin,,Japan,,,,,
Hoegaarden,,Germany,,,,,
HiteJinro,,Japan,,,,,
Goose Island Beer,,United States,,,,,
Otard,,United States,,,,,
Torino Distillati,,United States,,,,,
The Lakes Gin,,United States,,,,,
Renais Gin,,United States,,,,,
Nikka,,United States,,,,,
SG Group,,Singapore,,,,,
Yidong,,South Korea,,,,,
Yangchon 양촌양조장,,South Korea,,,,,
Shinpyeong 신평양조장,,South Korea,,,,,
"Seoul Jangsoo Co., Ltd",,South Korea,,,,,
Ye-Sul Hongcheon,,South Korea,,,,,
Sejong Brewery,,South Korea,,,,,
Chungju,,South Korea,,,,,
Chuga,,South Korea,,,,,
